{"cameraMode":{"drawMode":0,"name":"Shaded","section":"Shading Mode"},"sceneLighting":true,"audioPlay":false,"sceneViewState":{"showFog":true,"showMaterialUpdate":false,"showSkybox":true,"showFlares":true,"showImageEffects":true,"showParticleSystems":true},"in2DMode":false,"pivot":{"x":-23.70684814453125,"y":2.0974130630493166,"z":17.416767120361329},"rotation":{"x":-0.04262886196374893,"y":-0.6885876655578613,"z":0.041331689804792407,"w":-0.7229601740837097},"size":2.4823808670043947,"orthographic":false}